name,table
Ellen Doyle,1
Brittany Arnold,1
Lydia Johnston,1
April Goodwin,1
Arturo Pham,1
Darian Gregory,1
Cooper Dean,1
Ariana Benson,1
Jarrett Parsons,2
Tucker Sparks,2
Pamela White,2
Beau Park,2
Allan Curry,2
Faith Fowler,2
Hunter Curry,2
Margaret Little,2
Jimmy Avila,3
Fabian Steele,3
Elias Clarke,3
Sandy Fleming,3
Ian Ortega,3
Colby Wise,3
Davon Wolfe,3
Jennifer Thomas,3
Breana Rios,4
Abel Perkins,4
Collin Mueller,4
Matthew Bauer,4
Katie Goodwin,4
Kassandra Owens,4
Felix Ross,4
Skyler Miller,4
Meagan Frazier,5
Mariana Dominguez,5
Jacob Harvey,5
Brad Gardner,5
Leslie Soto,5
Tierra Hale,5
Willie Norris,5
Aimee Hartman,5
Anita Alexander,6
Neil Rodriguez,6
Ericka Gallagher,6
Dane Powell,6
Cooper Ellis,6
Dwayne Baldwin,6
Robyn Harrington,6
Derek Austin,6
Valerie Rivera,7
Jocelyn Guerrero,7
Anthony Watkins,7
Jessie Todd,7
Kate Jensen,7
Ashton Lyons,7
Tyson Mcbride,7
Donovan Obrien,7
Kendall Gardner,8
Brandi Juarez,8
Kelly Greene,8
Victoria Fleming,8
Alan Ferguson,8
Gilbert Wheeler,8
Eric Cunningham,8
Joanna Newton,8
Toni Erickson,9
Jose Patterson,9
Cassandra Bowers,9
Ariana Francis,9
Alexia Waters,9
Alexandria Deleon,9
Harley Hardy,9
Hannah Navarro,9
Alexandria Wheeler,10
Mitchell Silva,10
Wesley Rice,10
Jordan Fitzgerald,10
Adam Ford,10
Arianna Hamilton,10
Kierra Ruiz,10
Lucas Avila,10
Vincent Schmidt,11
Brittney Higgins,11
Kendra Murphy,11
Sylvia Harris,11
Gavin Ortiz,11
Jenny Thornton,11
Julianne Hale,11
Brody Jones,11
Christian Yates,12
Isabelle Young,12
Myles Turner,12
Miguel Harrington,12
Tommy Gilbert,12
Rashad Keller,12
Ciara Moreno,12
Andres Molina,12
Jane Mccormick,13
Melody Caldwell,13
Desiree Rose,13
Teresa Alexander,13
Jessie Saunders,13
Jasmine Leonard,13
Willie Alvarado,13
Jessica Swanson,13
Chantel Howard,13
Sharon Daniel,14
Rebecca Luna,14
Lee Mason,14
Brandi Becker,14
Alejandro Carter,14
Glenn Mcdonald,14
Deanna Byrd,14
Iris Maxwell,14
Lacey Murphy,14
